{
  "titulo": "La Aventura de Leo",
  "paginas": [
    {
      "texto": "Leo encontró una puerta secreta en el bosque.",
      "opciones": [
        {"texto": "Abrir la puerta", "siguiente": 1},
        {"texto": "Ignorarla", "siguiente": 2},
        {"texto": "Llamar a un amigo", "siguiente": 3},
        {"texto": "Volver a casa", "siguiente": 4}
      ]
    },
    {
      "texto": "¡Entró en un mundo mágico lleno de colores!",
      "opciones": [
        {"texto": "Explorar", "siguiente": 0},
        {"texto": "Buscar salida", "siguiente": 0},
        {"texto": "Hablar con un animal", "siguiente": 0},
        {"texto": "Esconderse", "siguiente": 0}
      ]
    }
  ],
  "preguntas": [
    {
      "pregunta": "¿Qué encontró Leo?",
      "respuestas": ["Una piedra", "Una puerta", "Un cofre", "Un mapa"],
      "correcta": 1
    }
  ]
}