{
  "id": 1,
  "titulo": "La Aventura de Leo – El Bosque Encantado",
  "paginas": [
    {"id":1,"texto":"Leo estaba de pie frente al gran portón del bosque. Las hojas susurraban...","opciones":[{"texto":"Entra con cuidado","siguientePaginaId":2},{"texto":"Grita “¡Hola!”","siguientePaginaId":3}]},
    {"id":2,"texto":"Leo avanzó lentamente entre los árboles. De pronto un zorro lo miró fijamente.","opciones":[{"texto":"Acércate al zorro","siguientePaginaId":4},{"texto":"Retrocede despacio","siguientePaginaId":5}]},
    {"id":3,"texto":"Leo gritó “¡Hola!” y las aves alzaron vuelo. El bosque pareció agitarse con más fuerza.","opciones":[{"texto":"Correr hacia adelante","siguientePaginaId":2},{"texto":"Esconderse detrás de un árbol","siguientePaginaId":6}]},
    {"id":4,"texto":"El zorro se acercó y lamió la mano de Leo. ¡Se hizo su amigo!","opciones":[]},
    {"id":5,"texto":"Al intentar retroceder, Leo pisó una rama y ésta crujió muy fuerte. El zorro huyó asustado.","opciones":[]},
    {"id":6,"texto":"Mientras Leo se escondía, encontró una cabaña abandonada y una luz misteriosa proveniente de dentro.","opciones":[{"texto":"Entra en la cabaña","siguientePaginaId":7},{"texto":"Sal corriendo del bosque","siguientePaginaId":8}]},
    {"id":7,"texto":"Dentro de la cabaña, descubrió un libro antiguo que brillaba con luz propia. Había un mapa que conducía a un tesoro.","opciones":[]},
    {"id":8,"texto":"Leo corrió, pero el bosque parecía no terminar. Se dio cuenta de que había perdido su camino.","opciones":[]}
  ]
}